hashtag,count
capcut,629
fyp,485
foryou,390
foryoupage,307
fypシ,283
viral,242
duet,187
tiktok,153
trending,103
viralvideo,95
fyppppppppppppppppppppppp,67
parati,57
viraltiktok,53
onthisday,45
foryourpage,39
fy,39
fypage,30
trend,29
like,26
unfrezzmyaccount,26
ukraine,25
foryoupageofficiall,25
love,25
xuhuong,24
greenscreen,24
funny,23
mdzahid_official1,22
pakistan,22
viral_video,22
paratiiiiiiiiiiiiiiiiiiiiiiiiiiiiiii,22
bdtiktokofficial,21
tiktokindia,20
tiktokviral,19
video,19
pourtoi,18
স,17
рекомендации,17
goviral,17
verano,16
creatorsearchinsights,16
